cluster number,topology,nucleotides,VMD,% of frames,frame numbers
0,0-6,N|C:504-N|G:541-N|G:540-N|C:511-N|A:510-N|A:509-N|U:508-N|C:507-N|G:506-N|G:505-N|C:504-,chain N and resid  504 541 540 511 510 509 508 507 506 505 504 ,1.0, 0->9
WC,0.3  0.3  0.6  0.6  0.0  0.0  0.0  0.4  0.7  0.9  0.3  
non-WC,0.0  0.0  0.0  0.0  1.1  1.1  0.1  0.0  0.0  0.1  0.0  
1,7-5,N|G:515-N|C:536-N|A:535-N|U:534-N|A:533-N|A:532-N|U:531-N|G:530-N|G:529-N|C:528-N|G:521-N|A:520-N|C:519-N|C:518-N|G:517-N|U:516-N|G:515-,chain N and resid  515 536 535 534 533 532 531 530 529 528 521 520 519 518 517 516 515 ,1.0, 0->9
WC,0.5  0.5  0.0  0.0  0.0  0.0  0.0  0.0  0.0  0.5  0.5  0.0  0.0  0.0  0.0  0.0  0.5  
non-WC,0.0  0.4  1.0  0.0  1.0  0.0  0.0  0.0  1.5  1.0  0.4  1.0  1.1  0.0  0.1  1.4  0.0  
2,4,N|C:522-N|G:527-N|C:526-N|C:525-N|G:524-N|A:523-N|C:522-,chain N and resid  522 527 526 525 524 523 522 ,1.0, 0->9
WC,0.0  0.0  0.9  0.7  0.4  0.0  0.0  
non-WC,0.0  1.5  0.7  1.0  0.3  1.0  0.0  
3,1-1,N|C:511-N|G:540-N|A:539-N|G:538-N|C:513-N|U:512-N|C:511-,chain N and resid  511 540 539 538 513 512 511 ,0.2, 0 2
WC,0.6  0.6  0.8  0.5  0.5  0.8  0.6  
non-WC,0.0  0.0  0.0  0.0  0.0  0.0  0.0  
4,1-1,N|C:501-N|G:544-N|U:543-N|G:542-N|C:503-N|A:502-N|C:501-,chain N and resid  501 544 543 542 503 502 501 ,0.1, 6
WC,0.7  0.7  0.6  0.3  0.3  0.6  0.7  
non-WC,0.0  0.0  1.1  0.7  0.9  0.1  0.0  
