nucleotide number,nucleotide,interactions
500,N|G:500,3-N|C:545-1
501,N|C:501,3-N|G:544-1
502,N|A:502,2-N|U:543-1
503,N|C:503,4-N|A:510N|G:542-1
504,N|C:504,1-N|G:541-1
505,N|G:505,3-N|C:526-1
506,N|G:506,2-N|C:525-1
507,N|C:507,3-N|G:524-1
508,N|U:508,1-N|A:509-1
509,N|A:509,3-N|U:508N|U:543-1
510,N|A:510,1-N|C:503-1
511,N|C:511,4-N|U:534N|G:540-1
512,N|U:512,1-N|A:539-1
513,N|C:513,3-N|G:538-1
514,N|C:514,2-N|G:537-1
515,N|G:515,3-N|C:536-1
516,N|U:516,2-N|A:533-1
517,N|G:517,0--1
518,N|C:518,0--1
519,N|C:519,1-N|G:529-1
520,N|A:520,2-N|G:529N|A:533-1
521,N|G:521,3-N|C:528-1
522,N|C:522,2-N|G:527-1
523,N|A:523,1-N|C:525-1
524,N|G:524,3-N|C:507-1
525,N|C:525,3-N|G:506N|A:523-1
526,N|C:526,3-N|G:505-1
527,N|G:527,4-N|C:522N|A:535-1
528,N|C:528,4-N|G:521N|A:535-1
529,N|G:529,2-N|C:519N|A:520-1
530,N|G:530,0--1
531,N|U:531,0--1
532,N|A:532,0--1
533,N|A:533,3-N|U:516N|A:520-1
534,N|U:534,1-N|C:511-1
535,N|A:535,3-N|G:527N|C:528-1
536,N|C:536,3-N|G:515-1
537,N|G:537,2-N|C:514-1
538,N|G:538,3-N|C:513-1
539,N|A:539,1-N|U:512-1
540,N|G:540,3-N|C:511-1
541,N|G:541,1-N|C:504-1
542,N|G:542,3-N|C:503-1
543,N|U:543,4-N|A:502N|A:509-1
544,N|G:544,3-N|C:501-1
545,N|C:545,3-N|G:500-1
