1st nuclotide,nucleotides,Coulomb,VDW,Stacking-total,VMD
500,N|G:500/N|C:501,-5.62,-5.51,-11.12,chain N and resid  500 501 
501,N|C:501/N|A:502,4.08,-4.4,-0.31,chain N and resid  501 502 
501,N|C:501/N|C:545,8.57,-2.31,6.26,chain N and resid  501 545 
502,N|A:502/N|C:503,7.69,-6.22,1.47,chain N and resid  502 503 
502,N|A:502/N|G:544,4.06,-4.32,-0.27,chain N and resid  502 544 
503,N|C:503/N|U:543,1.5,-2.39,-0.89,chain N and resid  503 543 
503,N|C:503/N|C:504,2.63,-2.97,-0.33,chain N and resid  503 504 
504,N|C:504/N|G:542,1.39,-4.32,-2.92,chain N and resid  504 542 
504,N|C:504/N|A:510,2.6,-1.24,1.36,chain N and resid  504 510 
504,N|C:504/N|C:511,0.13,-2.36,-2.23,chain N and resid  504 511 
505,N|G:505/N|G:506,5.23,-6.69,-1.46,chain N and resid  505 506 
505,N|G:505/N|A:535,5.08,-6.49,-1.41,chain N and resid  505 535 
506,N|G:506/N|C:526,0.48,-3.08,-2.6,chain N and resid  506 526 
506,N|G:506/N|C:507,-4.53,-5.54,-10.08,chain N and resid  506 507 
507,N|C:507/N|U:508,3.93,-4.83,-0.9,chain N and resid  507 508 
507,N|C:507/N|C:525,3.39,-0.54,2.85,chain N and resid  507 525 
508,N|U:508/N|A:510,8.49,-0.63,7.86,chain N and resid  508 510 
509,N|A:509/N|A:510,24.09,-5.2,18.88,chain N and resid  509 510 
511,N|C:511/N|G:541,2.48,-4.26,-1.78,chain N and resid  511 541 
511,N|C:511/N|U:512,-1.89,-2.76,-4.64,chain N and resid  511 512 
512,N|U:512/N|G:540,2.75,-1.79,0.96,chain N and resid  512 540 
512,N|U:512/N|C:513,-0.01,-3.87,-3.88,chain N and resid  512 513 
513,N|C:513/N|C:514,4.33,-3.73,0.6,chain N and resid  513 514 
513,N|C:513/N|A:539,7.82,-3.03,4.79,chain N and resid  513 539 
514,N|C:514/N|G:515,-4.31,-3.98,-8.3,chain N and resid  514 515 
514,N|C:514/N|G:538,3.55,-5.13,-1.58,chain N and resid  514 538 
515,N|G:515/N|U:516,2.61,-6.36,-3.75,chain N and resid  515 516 
515,N|G:515/N|G:538,1.67,-0.56,1.11,chain N and resid  515 538 
515,N|G:515/N|G:537,2.17,-8.13,-5.95,chain N and resid  515 537 
516,N|U:516/N|G:517,1.28,-5.55,-4.27,chain N and resid  516 517 
516,N|U:516/N|A:520,5.66,-0.85,4.81,chain N and resid  516 520 
516,N|U:516/N|C:536,2.53,-1.25,1.28,chain N and resid  516 536 
517,N|G:517/N|C:519,-0.57,-0.71,-1.28,chain N and resid  517 519 
517,N|G:517/N|U:531,4.13,-2.06,2.07,chain N and resid  517 531 
517,N|G:517/N|A:533,2.84,-2.48,0.36,chain N and resid  517 533 
518,N|C:518/N|G:530,5.99,-6.24,-0.25,chain N and resid  518 530 
518,N|C:518/N|G:529,5.45,-5.55,-0.1,chain N and resid  518 529 
519,N|C:519/N|A:520,2.13,-5.98,-3.85,chain N and resid  519 520 
520,N|A:520/N|G:521,5.21,-5.14,0.07,chain N and resid  520 521 
521,N|G:521/N|C:536,1.89,-0.52,1.37,chain N and resid  521 536 
521,N|G:521/N|G:529,-0.47,-5.23,-5.7,chain N and resid  521 529 
521,N|G:521/N|C:522,-4.46,-4.0,-8.46,chain N and resid  521 522 
522,N|C:522/N|A:523,2.35,-4.3,-1.95,chain N and resid  522 523 
522,N|C:522/N|C:528,8.21,-2.85,5.35,chain N and resid  522 528 
523,N|A:523/N|G:527,8.69,-6.74,1.95,chain N and resid  523 527 
523,N|A:523/N|C:526,-3.8,-1.14,-4.94,chain N and resid  523 526 
524,N|G:524/N|C:525,-6.25,-6.1,-12.35,chain N and resid  524 525 
525,N|C:525/N|C:526,5.82,-4.35,1.47,chain N and resid  525 526 
526,N|C:526/N|G:527,-0.89,-2.41,-3.3,chain N and resid  526 527 
527,N|G:527/N|C:528,-5.77,-5.7,-11.47,chain N and resid  527 528 
528,N|C:528/N|G:529,-3.13,-3.42,-6.55,chain N and resid  528 529 
533,N|A:533/N|C:536,6.21,-5.9,0.31,chain N and resid  533 536 
536,N|C:536/N|G:537,2.68,-2.53,0.15,chain N and resid  536 537 
537,N|G:537/N|G:538,6.26,-5.72,0.54,chain N and resid  537 538 
538,N|G:538/N|A:539,0.87,-7.09,-6.22,chain N and resid  538 539 
539,N|A:539/N|G:541,5.63,-0.5,5.13,chain N and resid  539 541 
539,N|A:539/N|G:540,10.64,-6.38,4.26,chain N and resid  539 540 
540,N|G:540/N|G:541,7.53,-6.69,0.83,chain N and resid  540 541 
541,N|G:541/N|G:542,5.4,-7.12,-1.72,chain N and resid  541 542 
542,N|G:542/N|U:543,2.01,-6.02,-4.02,chain N and resid  542 543 
543,N|U:543/N|G:544,2.71,-4.88,-2.18,chain N and resid  543 544 
544,N|G:544/N|C:545,-7.98,-6.09,-14.07,chain N and resid  544 545 
